group,number,name,h264_fullhd_sdr,hevc_fullhd_sdr,hevc_fullhd_hdr,hevc_4k_sdr,hevc_4k_hdr
China,1,China,https://sylvan.apple.com/Videos/comp_CH_C007_C011_PSNK_v02_SDR_PS_FINAL_20180709_SDR_2K_AVC.mov,https://sylvan.apple.com/Aerials/2x/Videos/comp_CH_C007_C011_PSNK_v02_SDR_PS_FINAL_20180709_SDR_2K_HEVC.mov,https://sylvan.apple.com/Aerials/2x/Videos/comp_CH_C007_C011_PSNK_v02_HDR_FINAL_20180709_HDR_2K_HEVC.mov,https://sylvan.apple.com/Aerials/2x/Videos/comp_CH_C007_C011_PSNK_v02_SDR_PS_FINAL_20180709_SDR_4K_HEVC.mov,https://sylvan.apple.com/Aerials/2x/Videos/comp_CH_C007_C011_PSNK_v02_HDR_FINAL_20180709_HDR_4K_HEVC.mov
China,2,China,https://sylvan.apple.com/Videos/comp_CH_C002_C005_PSNK_v05_SDR_PS_FINAL_20180709_SDR_2K_AVC.mov,https://sylvan.apple.com/Aerials/2x/Videos/comp_CH_C002_C005_PSNK_v05_SDR_PS_FINAL_20180709_SDR_2K_HEVC.mov,https://sylvan.apple.com/Aerials/2x/Videos/comp_CH_C002_C005_PSNK_v05_HDR_FINAL_20180709_HDR_2K_HEVC.mov,https://sylvan.apple.com/Aerials/2x/Videos/comp_CH_C002_C005_PSNK_v05_SDR_PS_FINAL_20180709_SDR_4K_HEVC.mov,https://sylvan.apple.com/Aerials/2x/Videos/comp_CH_C002_C005_PSNK_v05_HDR_FINAL_20180709_HDR_4K_HEVC.mov
China,3,China,https://sylvan.apple.com/Videos/comp_CH_C007_C004_PSNK_v02_SDR_PS_FINAL_20180709_SDR_2K_AVC.mov,https://sylvan.apple.com/Aerials/2x/Videos/comp_CH_C007_C004_PSNK_v02_SDR_PS_FINAL_20180709_SDR_2K_HEVC.mov,https://sylvan.apple.com/Aerials/2x/Videos/comp_CH_C007_C004_PSNK_v02_HDR_FINAL_20180709_HDR_2K_HEVC.mov,https://sylvan.apple.com/Aerials/2x/Videos/comp_CH_C007_C004_PSNK_v02_SDR_PS_FINAL_20180709_SDR_4K_HEVC.mov,https://sylvan.apple.com/Aerials/2x/Videos/comp_CH_C007_C004_PSNK_v02_HDR_FINAL_20180709_HDR_4K_HEVC.mov
China,4a,China,https://sylvan.apple.com/Videos/comp_C004_C003_PS_v01_SDR_PS_20180925_SDR_2K_AVC.mov,https://sylvan.apple.com/Aerials/2x/Videos/comp_C004_C003_PS_v01_SDR_PS_20180925_SDR_2K_HEVC.mov,https://sylvan.apple.com/Aerials/2x/Videos/comp_C004_C003_PS_v01_HDR_PS_20180925_HDR_2K_HEVC.mov,https://sylvan.apple.com/Aerials/2x/Videos/comp_C004_C003_PS_v01_SDR_PS_20180925_SDR_4K_HEVC.mov,https://sylvan.apple.com/Aerials/2x/Videos/comp_C004_C003_PS_v01_HDR_PS_20180925_HDR_4K_HEVC.mov
China,5a,China,https://sylvan.apple.com/Videos/comp_C003_C003_PS_v01_SDR_PS_20180925_SDR_2K_AVC.mov,https://sylvan.apple.com/Aerials/2x/Videos/comp_C003_C003_PS_v01_SDR_PS_20180925_SDR_2K_HEVC.mov,https://sylvan.apple.com/Aerials/2x/Videos/comp_C003_C003_PS_v01_HDR_PS_20180925_HDR_2K_HEVC.mov,https://sylvan.apple.com/Aerials/2x/Videos/comp_C003_C003_PS_v01_SDR_PS_20180925_SDR_4K_HEVC.mov,https://sylvan.apple.com/Aerials/2x/Videos/comp_C003_C003_PS_v01_HDR_PS_20180925_HDR_4K_HEVC.mov
China,6a,China,https://sylvan.apple.com/Videos/comp_C001_C005_PS_v01_SDR_PS_20180925_SDR_2K_AVC.mov,https://sylvan.apple.com/Aerials/2x/Videos/comp_C001_C005_PS_v01_SDR_PS_20180925_SDR_2K_HEVC.mov,https://sylvan.apple.com/Aerials/2x/Videos/comp_C001_C005_PS_v01_HDR_PS_20180925_HDR_2K_HEVC.mov,https://sylvan.apple.com/Aerials/2x/Videos/comp_C001_C005_PS_v01_SDR_PS_20180925_SDR_4K_HEVC.mov,https://sylvan.apple.com/Aerials/2x/Videos/comp_C001_C005_PS_v01_HDR_PS_20180925_HDR_4K_HEVC.mov
Dubai,1a,Dubai,https://sylvan.apple.com/Videos/comp_DB_D008_C010_PSNK_v21_SDR_PS_20180914_F0F16157_SDR_2K_AVC.mov,https://sylvan.apple.com/Aerials/2x/Videos/comp_DB_D008_C010_PSNK_v21_SDR_PS_20180914_F0F16157_SDR_2K_HEVC.mov,https://sylvan.apple.com/Aerials/2x/Videos/comp_DB_D008_C010_PSNK_v21_HDR_PS_20180914_F0F16157_HDR_2K_HEVC.mov,https://sylvan.apple.com/Aerials/2x/Videos/comp_DB_D008_C010_PSNK_v21_SDR_PS_20180914_F0F16157_SDR_4K_HEVC.mov,https://sylvan.apple.com/Aerials/2x/Videos/comp_DB_D008_C010_PSNK_v21_HDR_PS_20180914_F0F16157_HDR_4K_HEVC.mov
Dubai,2a,Dubai,https://sylvan.apple.com/Videos/comp_DB_D001_C001_PSNK_v06_SDR_PS_20180824_SDR_2K_AVC.mov,https://sylvan.apple.com/Aerials/2x/Videos/comp_DB_D001_C001_PSNK_v06_SDR_PS_20180824_SDR_2K_HEVC.mov,https://sylvan.apple.com/Aerials/2x/Videos/comp_DB_D001_C001_PSNK_v06_HDR_PS_20180824_HDR_2K_HEVC.mov,https://sylvan.apple.com/Aerials/2x/Videos/comp_DB_D001_C001_PSNK_v06_SDR_PS_20180824_SDR_4K_HEVC.mov,https://sylvan.apple.com/Aerials/2x/Videos/comp_DB_D001_C001_PSNK_v06_HDR_PS_20180824_HDR_4K_HEVC.mov
Dubai,3a,Dubai,https://sylvan.apple.com/Videos/comp_DB_D011_C010_PSNK_DENOISE_v19_SDR_PS_20180914_SDR_2K_AVC.mov,https://sylvan.apple.com/Aerials/2x/Videos/comp_DB_D011_C010_PSNK_DENOISE_v19_SDR_PS_20180914_SDR_2K_HEVC.mov,https://sylvan.apple.com/Aerials/2x/Videos/comp_DB_D011_C010_PSNK_DENOISE_v19_HDR_PS_20180914_HDR_2K_HEVC.mov,https://sylvan.apple.com/Aerials/2x/Videos/comp_DB_D011_C010_PSNK_DENOISE_v19_SDR_PS_20180914_SDR_4K_HEVC.mov,https://sylvan.apple.com/Aerials/2x/Videos/comp_DB_D011_C010_PSNK_DENOISE_v19_HDR_PS_20180914_HDR_4K_HEVC.mov
Dubai,4a,Dubai,https://sylvan.apple.com/Videos/comp_DB_D002_C003_PSNK_v04_SDR_PS_20180914_SDR_2K_AVC.mov,https://sylvan.apple.com/Aerials/2x/Videos/comp_DB_D002_C003_PSNK_v04_SDR_PS_20180914_SDR_2K_HEVC.mov,https://sylvan.apple.com/Aerials/2x/Videos/comp_DB_D002_C003_PSNK_v04_HDR_PS_20180914_HDR_2K_HEVC.mov,https://sylvan.apple.com/Aerials/2x/Videos/comp_DB_D002_C003_PSNK_v04_SDR_PS_20180914_SDR_4K_HEVC.mov,https://sylvan.apple.com/Aerials/2x/Videos/comp_DB_D002_C003_PSNK_v04_HDR_PS_20180914_HDR_4K_HEVC.mov
Dubai,5a,Dubai,https://sylvan.apple.com/Videos/comp_DB_D001_C005_COMP_PSNK_v12_SDR_PS_20180912_SDR_2K_AVC.mov,https://sylvan.apple.com/Aerials/2x/Videos/comp_DB_D001_C005_COMP_PSNK_v12_SDR_PS_20180912_SDR_2K_HEVC.mov,https://sylvan.apple.com/Aerials/2x/Videos/comp_DB_D001_C005_COMP_PSNK_v12_HDR_PS_20180912_HDR_2K_HEVC.mov,https://sylvan.apple.com/Aerials/2x/Videos/comp_DB_D001_C005_COMP_PSNK_v12_SDR_PS_20180912_SDR_4K_HEVC.mov,https://sylvan.apple.com/Aerials/2x/Videos/comp_DB_D001_C005_COMP_PSNK_v12_HDR_PS_20180912_HDR_4K_HEVC.mov
Dubai,6,Dubai,,https://sylvan.apple.com/Aerials/2x/Videos/DB_D011_C009_2K_SDR_HEVC.mov,https://sylvan.apple.com/Aerials/2x/Videos/DB_D011_C009_2K_HDR_HEVC.mov,https://sylvan.apple.com/Aerials/2x/Videos/DB_D011_C009_4K_SDR_HEVC.mov,https://sylvan.apple.com/Aerials/2x/Videos/DB_D011_C009_4K_HDR_HEVC.mov
Greenland,1a,Greenland,https://sylvan.apple.com/Videos/comp_GL_G004_C010_PSNK_v04_SDR_PS_FINAL_20180709_SDR_2K_AVC.mov,https://sylvan.apple.com/Aerials/2x/Videos/comp_GL_G004_C010_PSNK_v04_SDR_PS_FINAL_20180709_SDR_2K_HEVC.mov,https://sylvan.apple.com/Aerials/2x/Videos/comp_GL_G004_C010_PSNK_v04_HDR_FINAL_20180709_HDR_2K_HEVC.mov,https://sylvan.apple.com/Aerials/2x/Videos/comp_GL_G004_C010_PSNK_v04_SDR_PS_FINAL_20180709_SDR_4K_HEVC.mov,https://sylvan.apple.com/Aerials/2x/Videos/comp_GL_G004_C010_PSNK_v04_HDR_FINAL_20180709_HDR_4K_HEVC.mov
Greenland,2a,Greenland,https://sylvan.apple.com/Videos/comp_GL_G002_C002_PSNK_v03_SDR_PS_20180925_SDR_2K_AVC.mov,https://sylvan.apple.com/Aerials/2x/Videos/comp_GL_G002_C002_PSNK_v03_SDR_PS_20180925_SDR_2K_HEVC.mov,https://sylvan.apple.com/Aerials/2x/Videos/comp_GL_G002_C002_PSNK_v03_HDR_PS_20180925_HDR_2K_tuned.mov,https://sylvan.apple.com/Aerials/2x/Videos/comp_GL_G002_C002_PSNK_v03_SDR_PS_20180925_SDR_4K_HEVC.mov,https://sylvan.apple.com/Aerials/2x/Videos/comp_GL_G002_C002_PSNK_v03_HDR_PS_20180925_HDR_4K_tuned.mov
Greenland,3a,Greenland,https://sylvan.apple.com/Videos/comp_GL_G010_C006_PSNK_NOSUN_v12_SDR_PS_FINAL_20180709_SDR_2K_AVC.mov,https://sylvan.apple.com/Aerials/2x/Videos/comp_GL_G010_C006_PSNK_NOSUN_v12_SDR_PS_FINAL_20180709_SDR_2K_HEVC.mov,https://sylvan.apple.com/Aerials/2x/Videos/comp_GL_G010_C006_PSNK_NOSUN_v12_HDR_FINAL_20180709_HDR_2K_HEVC.mov,https://sylvan.apple.com/Aerials/2x/Videos/comp_GL_G010_C006_PSNK_NOSUN_v12_SDR_PS_FINAL_20180709_SDR_4K_HEVC.mov,https://sylvan.apple.com/Aerials/2x/Videos/comp_GL_G010_C006_PSNK_NOSUN_v12_HDR_FINAL_20180709_HDR_4K_HEVC.mov
Hawaii,1a,Hawaii,https://sylvan.apple.com/Videos/comp_H007_C003_PS_v01_SDR_PS_20180925_SDR_2K_AVC.mov,https://sylvan.apple.com/Aerials/2x/Videos/comp_H007_C003_PS_v01_SDR_PS_20180925_SDR_2K_HEVC.mov,https://sylvan.apple.com/Aerials/2x/Videos/comp_H007_C003_PS_v01_HDR_PS_20180925_HDR_2K_tuned.mov,https://sylvan.apple.com/Aerials/2x/Videos/comp_H007_C003_PS_v01_SDR_PS_20180925_SDR_4K_HEVC.mov,https://sylvan.apple.com/Aerials/2x/Videos/comp_H007_C003_PS_v01_HDR_PS_20180925_HDR_4K_tuned.mov
Hawaii,2,Hawaii,http://a1.v2.phobos.apple.com.edgesuite.net/us/r1000/000/Features/atv/AutumnResources/videos/b2-2.mov,,,,
Hawaii,3a,Hawaii,https://sylvan.apple.com/Videos/comp_H004_C009_PS_v01_SDR_PS_20180925_SDR_2K_AVC.mov,https://sylvan.apple.com/Aerials/2x/Videos/comp_H004_C009_PS_v01_SDR_PS_20180925_SDR_2K_HEVC.mov,https://sylvan.apple.com/Aerials/2x/Videos/comp_H004_C009_PS_v01_HDR_PS_20180925_HDR_2K_HEVC.mov,https://sylvan.apple.com/Aerials/2x/Videos/comp_H004_C009_PS_v01_SDR_PS_20180925_SDR_4K_HEVC.mov,https://sylvan.apple.com/Aerials/2x/Videos/comp_H004_C009_PS_v01_HDR_PS_20180925_HDR_4K_HEVC.mov
Hawaii,4a,Hawaii,https://sylvan.apple.com/Videos/comp_H012_C009_PS_v01_SDR_PS_20180925_SDR_2K_AVC.mov,https://sylvan.apple.com/Aerials/2x/Videos/comp_H012_C009_PS_v01_SDR_PS_20180925_SDR_2K_HEVC.mov,https://sylvan.apple.com/Aerials/2x/Videos/comp_H012_C009_PS_v01_HDR_PS_20180925_HDR_2K_HEVC.mov,https://sylvan.apple.com/Aerials/2x/Videos/comp_H012_C009_PS_v01_SDR_PS_20180925_SDR_4K_HEVC.mov,https://sylvan.apple.com/Aerials/2x/Videos/comp_H012_C009_PS_v01_HDR_PS_20180925_HDR_4K_HEVC.mov
Hawaii,5a,Hawaii,https://sylvan.apple.com/Videos/comp_H005_C012_PS_v01_SDR_PS_20180925_SDR_2K_AVC.mov,https://sylvan.apple.com/Aerials/2x/Videos/comp_H005_C012_PS_v01_SDR_PS_20180925_SDR_2K_HEVC.mov,https://sylvan.apple.com/Aerials/2x/Videos/comp_H005_C012_PS_v01_HDR_PS_20180925_HDR_2K_HEVC.mov,https://sylvan.apple.com/Aerials/2x/Videos/comp_H005_C012_PS_v01_SDR_PS_20180925_SDR_4K_HEVC.mov,https://sylvan.apple.com/Aerials/2x/Videos/comp_H005_C012_PS_v01_HDR_PS_20180925_HDR_4K_HEVC.mov
Hawaii,6a,Hawaii,https://sylvan.apple.com/Videos/comp_H004_C007_PS_v02_SDR_PS_20180925_SDR_2K_AVC.mov,https://sylvan.apple.com/Aerials/2x/Videos/comp_H004_C007_PS_v02_SDR_PS_20180925_SDR_2K_HEVC.mov,https://sylvan.apple.com/Aerials/2x/Videos/comp_H004_C007_PS_v02_HDR_PS_20180925_HDR_2K_HEVC.mov,https://sylvan.apple.com/Aerials/2x/Videos/comp_H004_C007_PS_v02_SDR_PS_20180925_SDR_4K_HEVC.mov,https://sylvan.apple.com/Aerials/2x/Videos/comp_H004_C007_PS_v02_HDR_PS_20180925_HDR_4K_HEVC.mov
Hong Kong,1a,Hong Kong,https://sylvan.apple.com/Videos/comp_HK_B005_C011_PSNK_v16_SDR_PS_20180914_SDR_2K_AVC.mov,https://sylvan.apple.com/Aerials/2x/Videos/comp_HK_B005_C011_PSNK_v16_SDR_PS_20180914_SDR_2K_HEVC.mov,https://sylvan.apple.com/Aerials/2x/Videos/comp_HK_B005_C011_PSNK_v16_HDR_PS_20180914_HDR_2K_HEVC.mov,https://sylvan.apple.com/Aerials/2x/Videos/comp_HK_B005_C011_PSNK_v16_SDR_PS_20180914_SDR_4K_HEVC.mov,https://sylvan.apple.com/Aerials/2x/Videos/comp_HK_B005_C011_PSNK_v16_HDR_PS_20180914_HDR_4K_HEVC.mov
Hong Kong,2a,Hong Kong,https://sylvan.apple.com/Videos/comp_HK_H004_C010_PSNK_v08_SDR_PS_20181009_SDR_2K_AVC.mov,https://sylvan.apple.com/Aerials/2x/Videos/comp_HK_H004_C010_PSNK_v08_SDR_PS_20181009_SDR_2K_HEVC.mov,https://sylvan.apple.com/Aerials/2x/Videos/comp_HK_H004_C010_PSNK_v08_HDR_PS_20181009_HDR_2K_HEVC.mov,https://sylvan.apple.com/Aerials/2x/Videos/comp_HK_H004_C010_PSNK_v08_SDR_PS_20181009_SDR_4K_HEVC.mov,https://sylvan.apple.com/Aerials/2x/Videos/comp_HK_H004_C010_PSNK_v08_HDR_PS_20181009_HDR_4K_HEVC.mov
Hong Kong,3,Hong Kong,https://sylvan.apple.com/Videos/comp_HK_H004_C013_t9_6M_HB_tag0.mov,https://sylvan.apple.com/Aerials/2x/Videos/HK_H004_C013_2K_SDR_HEVC.mov,https://sylvan.apple.com/Aerials/2x/Videos/HK_H004_C013_2K_HDR_HEVC.mov,https://sylvan.apple.com/Aerials/2x/Videos/HK_H004_C013_4K_SDR_HEVC.mov,https://sylvan.apple.com/Aerials/2x/Videos/HK_H004_C013_4K_HDR_HEVC.mov
Hong Kong,4a,Hong Kong,,https://sylvan.apple.com/Aerials/2x/Videos/comp_HK_H004_C001_PSNK_DENOISE_v14_SDR_PS_FINAL_20180731_SDR_2K_HEVC.mov,https://sylvan.apple.com/Aerials/2x/Videos/comp_HK_H004_C001_PSNK_DENOISE_v14_HDR_PS_FINAL_20180731_HDR_2K_HEVC.mov,https://sylvan.apple.com/Aerials/2x/Videos/comp_HK_H004_C001_PSNK_DENOISE_v14_SDR_PS_FINAL_20180731_SDR_4K_HEVC.mov,https://sylvan.apple.com/Aerials/2x/Videos/comp_HK_H004_C001_PSNK_DENOISE_v14_HDR_PS_FINAL_20180731_HDR_4K_HEVC.mov
Hong Kong,5a,Hong Kong,https://sylvan.apple.com/Videos/comp_HK_H004_C008_PSNK_v19_SDR_PS_20180914_SDR_2K_AVC.mov,https://sylvan.apple.com/Aerials/2x/Videos/comp_HK_H004_C008_PSNK_v19_SDR_PS_20180914_SDR_2K_HEVC.mov,https://sylvan.apple.com/Aerials/2x/Videos/comp_HK_H004_C008_PSNK_v19_HDR_PS_20180914_HDR_2K_HEVC.mov,https://sylvan.apple.com/Aerials/2x/Videos/comp_HK_H004_C008_PSNK_v19_SDR_PS_20180914_SDR_4K_HEVC.mov,https://sylvan.apple.com/Aerials/2x/Videos/comp_HK_H004_C008_PSNK_v19_HDR_PS_20180914_HDR_4K_HEVC.mov
ISS,1,Africa,https://sylvan.apple.com/Videos/comp_GMT312_162NC_139M_1041_AFRICA_NIGHT_v14_SDR_FINAL_20180706_SDR_2K_AVC.mov,https://sylvan.apple.com/Aerials/2x/Videos/comp_GMT312_162NC_139M_1041_AFRICA_NIGHT_v14_SDR_FINAL_20180706_SDR_2K_HEVC.mov,https://sylvan.apple.com/Aerials/2x/Videos/comp_GMT312_162NC_139M_1041_AFRICA_NIGHT_v14_HDR_FINAL_20180706_HDR_2K_HEVC.mov,https://sylvan.apple.com/Aerials/2x/Videos/comp_GMT312_162NC_139M_1041_AFRICA_NIGHT_v14_SDR_FINAL_20180706_SDR_4K_HEVC.mov,https://sylvan.apple.com/Aerials/2x/Videos/comp_GMT312_162NC_139M_1041_AFRICA_NIGHT_v14_HDR_FINAL_20180706_HDR_4K_HEVC.mov
ISS,2,Africa and the Middle East,https://sylvan.apple.com/Videos/comp_A103_C002_0205DG_v12_SDR_FINAL_20180706_SDR_2K_AVC.mov,https://sylvan.apple.com/Aerials/2x/Videos/comp_A103_C002_0205DG_v12_SDR_FINAL_20180706_SDR_2K_HEVC.mov,https://sylvan.apple.com/Aerials/2x/Videos/comp_A103_C002_0205DG_v12_HDR_FINAL_20180706_HDR_2K_HEVC.mov,https://sylvan.apple.com/Aerials/2x/Videos/comp_A103_C002_0205DG_v12_SDR_FINAL_20180706_SDR_4K_HEVC.mov,https://sylvan.apple.com/Aerials/2x/Videos/comp_A103_C002_0205DG_v12_HDR_FINAL_20180706_HDR_4K_HEVC.mov
ISS,3,Antarctic,https://sylvan.apple.com/Videos/comp_GMT110_112NC_364D_1054_AURORA_ANTARTICA__COMP_FINAL_v34_PS_SDR_20181107_SDR_2K_AVC.mov,https://sylvan.apple.com/Aerials/2x/Videos/comp_GMT110_112NC_364D_1054_AURORA_ANTARTICA__COMP_FINAL_v34_PS_SDR_20181107_SDR_2K_HEVC.mov,https://sylvan.apple.com/Aerials/2x/Videos/comp_GMT110_112NC_364D_1054_AURORA_ANTARTICA__COMP_FINAL_v34_PS_HDR_20181107_HDR_2K_HEVC.mov,https://sylvan.apple.com/Aerials/2x/Videos/comp_GMT110_112NC_364D_1054_AURORA_ANTARTICA__COMP_FINAL_v34_PS_SDR_20181107_SDR_4K_HEVC.mov,https://sylvan.apple.com/Aerials/2x/Videos/comp_GMT110_112NC_364D_1054_AURORA_ANTARTICA__COMP_FINAL_v34_PS_HDR_20181107_HDR_4K_HEVC.mov
ISS,4,Atlantic Ocean to Spain and France,https://sylvan.apple.com/Videos/comp_A001_C001_120530_v04_SDR_FINAL_20180706_SDR_2K_AVC.mov,https://sylvan.apple.com/Aerials/2x/Videos/comp_A001_C001_120530_v04_SDR_FINAL_20180706_SDR_2K_HEVC.mov,https://sylvan.apple.com/Aerials/2x/Videos/comp_A001_C001_120530_v04_HDR_FINAL_20180706_HDR_2K_HEVC.mov,https://sylvan.apple.com/Aerials/2x/Videos/comp_A001_C001_120530_v04_SDR_FINAL_20180706_SDR_4K_HEVC.mov,https://sylvan.apple.com/Aerials/2x/Videos/comp_A001_C001_120530_v04_HDR_FINAL_20180706_HDR_4K_HEVC.mov
ISS,5,Australia,https://sylvan.apple.com/Videos/comp_GMT060_117NC_363D_1034_AUSTRALIA_v35_SDR_PS_FINAL_20180731_SDR_2K_AVC.mov,https://sylvan.apple.com/Aerials/2x/Videos/comp_GMT060_117NC_363D_1034_AUSTRALIA_v35_SDR_PS_FINAL_20180731_SDR_2K_HEVC.mov,https://sylvan.apple.com/Aerials/2x/Videos/comp_GMT060_117NC_363D_1034_AUSTRALIA_v35_HDR_PS_FINAL_20180831_HDR_2K_HEVC.mov,https://sylvan.apple.com/Aerials/2x/Videos/comp_GMT060_117NC_363D_1034_AUSTRALIA_v35_SDR_PS_FINAL_20180731_SDR_4K_HEVC.mov,https://sylvan.apple.com/Aerials/2x/Videos/comp_GMT060_117NC_363D_1034_AUSTRALIA_v35_HDR_PS_FINAL_20180831_HDR_4K_HEVC.mov
ISS,6,California to Vegas,https://sylvan.apple.com/Videos/comp_GMT306_139NC_139J_3066_CALI_TO_VEGAS_v08_SDR_PS_20180824_SDR_2K_AVC.mov,https://sylvan.apple.com/Aerials/2x/Videos/comp_GMT306_139NC_139J_3066_CALI_TO_VEGAS_v07_SDR_FINAL_22062018_SDR_2K_HEVC.mov,https://sylvan.apple.com/Aerials/2x/Videos/comp_GMT306_139NC_139J_3066_CALI_TO_VEGAS_v07_HDR_PS_FINAL_22062018_HDR_2K_HEVC.mov,https://sylvan.apple.com/Aerials/2x/Videos/comp_GMT306_139NC_139J_3066_CALI_TO_VEGAS_v07_SDR_FINAL_22062018_SDR_4K_HEVC.mov,https://sylvan.apple.com/Aerials/2x/Videos/comp_GMT306_139NC_139J_3066_CALI_TO_VEGAS_v07_HDR_PS_FINAL_22062018_HDR_4K_HEVC.mov
ISS,7,Caribbean,https://sylvan.apple.com/Videos/comp_A108_C001_v09_SDR_FINAL_22062018_SDR_2K_AVC.mov,https://sylvan.apple.com/Aerials/2x/Videos/comp_A108_C001_v09_SDR_FINAL_22062018_SDR_2K_HEVC.mov,https://sylvan.apple.com/Aerials/2x/Videos/comp_A108_C001_v09_HDR_PS_FINAL_22062018_HDR_2K_HEVC.mov,https://sylvan.apple.com/Aerials/2x/Videos/comp_A108_C001_v09_SDR_FINAL_22062018_SDR_4K_HEVC.mov,https://sylvan.apple.com/Aerials/2x/Videos/comp_A108_C001_v09_HDR_PS_FINAL_22062018_HDR_4K_HEVC.mov
ISS,8,Caribbean,https://sylvan.apple.com/Videos/comp_A105_C002_v06_SDR_FINAL_25062018_SDR_2K_AVC.mov,https://sylvan.apple.com/Aerials/2x/Videos/comp_A105_C002_v06_SDR_FINAL_25062018_SDR_2K_HEVC.mov,https://sylvan.apple.com/Aerials/2x/Videos/comp_A105_C002_v06_HDR_FINAL_25062018_HDR_2K_HEVC.mov,https://sylvan.apple.com/Aerials/2x/Videos/comp_A105_C002_v06_SDR_FINAL_25062018_SDR_4K_HEVC.mov,https://sylvan.apple.com/Aerials/2x/Videos/comp_A105_C002_v06_HDR_FINAL_25062018_HDR_4K_HEVC.mov
ISS,9,Caribbean,https://sylvan.apple.com/Videos/comp_GMT308_139K_142NC_CARIBBEAN_DAY_v09_SDR_FINAL_22062018_SDR_2K_AVC.mov,https://sylvan.apple.com/Aerials/2x/Videos/comp_GMT308_139K_142NC_CARIBBEAN_DAY_v09_SDR_FINAL_22062018_SDR_2K_HEVC.mov,https://sylvan.apple.com/Aerials/2x/Videos/comp_GMT308_139K_142NC_CARIBBEAN_DAY_v09_HDR_PS_FINAL_22062018_HDR_2K_HEVC.mov,https://sylvan.apple.com/Aerials/2x/Videos/comp_GMT308_139K_142NC_CARIBBEAN_DAY_v09_SDR_FINAL_22062018_SDR_4K_HEVC.mov,https://sylvan.apple.com/Aerials/2x/Videos/comp_GMT308_139K_142NC_CARIBBEAN_DAY_v09_HDR_PS_FINAL_22062018_HDR_4K_HEVC.mov
ISS,10,China,https://sylvan.apple.com/Videos/comp_GMT329_113NC_396B_1105_CHINA_v04_SDR_FINAL_20180706_F900F2700_SDR_2K_AVC.mov,https://sylvan.apple.com/Aerials/2x/Videos/comp_GMT329_113NC_396B_1105_CHINA_v04_SDR_FINAL_20180706_F900F2700_SDR_2K_HEVC.mov,https://sylvan.apple.com/Aerials/2x/Videos/comp_GMT329_113NC_396B_1105_CHINA_v04_HDR_FINAL_20180706_F900F2700_HDR_2K_HEVC.mov,https://sylvan.apple.com/Aerials/2x/Videos/comp_GMT329_113NC_396B_1105_CHINA_v04_SDR_FINAL_20180706_F900F2700_SDR_4K_HEVC.mov,https://sylvan.apple.com/Aerials/2x/Videos/comp_GMT329_113NC_396B_1105_CHINA_v04_HDR_FINAL_20180706_F900F2700_HDR_4K_HEVC.mov
ISS,11,Iran and Afghanistan,https://sylvan.apple.com/Videos/comp_A083_C002_1130KZ_v04_SDR_PS_FINAL_20180725_SDR_2K_AVC.mov,https://sylvan.apple.com/Aerials/2x/Videos/comp_A083_C002_1130KZ_v04_SDR_PS_FINAL_20180725_SDR_2K_HEVC.mov,https://sylvan.apple.com/Aerials/2x/Videos/comp_A083_C002_1130KZ_v04_HDR_PS_FINAL_20180725_HDR_2K_HEVC.mov,https://sylvan.apple.com/Aerials/2x/Videos/comp_A083_C002_1130KZ_v04_SDR_PS_FINAL_20180725_SDR_4K_HEVC.mov,https://sylvan.apple.com/Aerials/2x/Videos/comp_A083_C002_1130KZ_v04_HDR_PS_FINAL_20180725_HDR_4K_HEVC.mov
ISS,12,Ireland to Asia,https://sylvan.apple.com/Videos/comp_GMT329_117NC_401C_1037_IRELAND_TO_ASIA_v48_SDR_PS_FINAL_20180725_F0F6300_SDR_2K_AVC.mov,https://sylvan.apple.com/Aerials/2x/Videos/comp_GMT329_117NC_401C_1037_IRELAND_TO_ASIA_v48_SDR_PS_FINAL_20180725_F0F6300_SDR_2K_HEVC.mov,https://sylvan.apple.com/Aerials/2x/Videos/comp_GMT329_117NC_401C_1037_IRELAND_TO_ASIA_v48_HDR_PS_FINAL_20180725_F0F6300_HDR_2K_HEVC.mov,https://sylvan.apple.com/Aerials/2x/Videos/comp_GMT329_117NC_401C_1037_IRELAND_TO_ASIA_v48_SDR_PS_FINAL_20180725_F0F6300_SDR_4K_HEVC.mov,https://sylvan.apple.com/Aerials/2x/Videos/comp_GMT329_117NC_401C_1037_IRELAND_TO_ASIA_v48_HDR_PS_FINAL_20180725_F0F6300_HDR_4K_HEVC.mov
ISS,13,ItalyÂ to Asia,https://sylvan.apple.com/Videos/comp_GMT329_113NC_396B_1105_ITALY_v03_SDR_FINAL_20180706_SDR_2K_AVC.mov,https://sylvan.apple.com/Aerials/2x/Videos/comp_GMT329_113NC_396B_1105_ITALY_v03_SDR_FINAL_20180706_SDR_2K_HEVC.mov,https://sylvan.apple.com/Aerials/2x/Videos/comp_GMT329_113NC_396B_1105_ITALY_TO_ASIA_v03_HDR_PS_20180824_HDR_2K_HEVC.mov,https://sylvan.apple.com/Aerials/2x/Videos/comp_GMT329_113NC_396B_1105_ITALY_v03_SDR_FINAL_20180706_SDR_4K_HEVC.mov,https://sylvan.apple.com/Aerials/2x/Videos/comp_GMT329_113NC_396B_1105_ITALY_TO_ASIA_v03_HDR_PS_20180824_HDR_4K_HEVC.mov
ISS,14a,Korea and Japan,https://sylvan.apple.com/Videos/comp_GMT026_363A_103NC_E1027_KOREA_JAPAN_NIGHT_v18_SDR_PS_20180907_SDR_2K_AVC.mov,https://sylvan.apple.com/Aerials/2x/Videos/comp_GMT026_363A_103NC_E1027_KOREA_JAPAN_NIGHT_v18_SDR_PS_20180907_SDR_2K_HEVC.mov,https://sylvan.apple.com/Aerials/2x/Videos/comp_GMT026_363A_103NC_E1027_KOREA_JAPAN_NIGHT_v18_HDR_PS_20180907_HDR_2K_HEVC.mov,https://sylvan.apple.com/Aerials/2x/Videos/comp_GMT026_363A_103NC_E1027_KOREA_JAPAN_NIGHT_v18_SDR_PS_20180907_SDR_4K_HEVC.mov,https://sylvan.apple.com/Aerials/2x/Videos/comp_GMT026_363A_103NC_E1027_KOREA_JAPAN_NIGHT_v18_HDR_PS_20180907_HDR_4K_HEVC.mov
ISS,15,Mexico City to New York,https://sylvan.apple.com/Videos/comp_GMT307_136NC_134K_8277_NY_NIGHT_01_v25_SDR_PS_20180907_SDR_2K_AVC.mov,https://sylvan.apple.com/Videos/comp_GMT307_136NC_134K_8277_NY_NIGHT_01_v25_SDR_PS_20180907_SDR_2K_AVC.mov,https://sylvan.apple.com/Aerials/2x/Videos/comp_GMT307_136NC_134K_8277_NY_NIGHT_01_v25_HDR_PS_20180907_HDR_2K_HEVC.mov,https://sylvan.apple.com/Aerials/2x/Videos/comp_GMT307_136NC_134K_8277_NY_NIGHT_01_v25_SDR_PS_20180907_SDR_4K_HEVC.mov,https://sylvan.apple.com/Aerials/2x/Videos/comp_GMT307_136NC_134K_8277_NY_NIGHT_01_v25_HDR_PS_20180907_HDR_4K_HEVC.mov
ISS,16,New Zealand,https://sylvan.apple.com/Videos/comp_A105_C003_0212CT_FLARE_v10_SDR_PS_FINAL_20180711_SDR_2K_AVC.mov,https://sylvan.apple.com/Aerials/2x/Videos/comp_A105_C003_0212CT_FLARE_v10_SDR_PS_FINAL_20180711_SDR_2K_HEVC.mov,https://sylvan.apple.com/Aerials/2x/Videos/comp_A105_C003_0212CT_FLARE_v10_HDR_PS_FINAL_20180711_HDR_2K_HEVC.mov,https://sylvan.apple.com/Aerials/2x/Videos/comp_A105_C003_0212CT_FLARE_v10_SDR_PS_FINAL_20180711_SDR_4K_HEVC.mov,https://sylvan.apple.com/Aerials/2x/Videos/comp_A105_C003_0212CT_FLARE_v10_HDR_PS_FINAL_20180711_HDR_4K_HEVC.mov
ISS,17,Nile Delta,https://sylvan.apple.com/Videos/comp_A050_C004_1027V8_v16_SDR_FINAL_20180706_SDR_2K_AVC.mov,https://sylvan.apple.com/Aerials/2x/Videos/comp_A050_C004_1027V8_v16_SDR_FINAL_20180706_SDR_2K_HEVC.mov,https://sylvan.apple.com/Aerials/2x/Videos/comp_A050_C004_1027V8_v16_HDR_FINAL_20180706_HDR_2K_HEVC.mov,https://sylvan.apple.com/Aerials/2x/Videos/comp_A050_C004_1027V8_v16_SDR_FINAL_20180706_SDR_4K_HEVC.mov,https://sylvan.apple.com/Aerials/2x/Videos/comp_A050_C004_1027V8_v16_HDR_FINAL_20180706_HDR_4K_HEVC.mov
ISS,18,North America,https://sylvan.apple.com/Videos/comp_GMT314_139M_170NC_NORTH_AMERICA_AURORA__COMP_v22_SDR_20181206_v12CC_SDR_2K_AVC.mov,https://sylvan.apple.com/Aerials/2x/Videos/comp_GMT314_139M_170NC_NORTH_AMERICA_AURORA__COMP_v22_SDR_20181206_v12CC_SDR_2K_HEVC.mov,https://sylvan.apple.com/Aerials/2x/Videos/comp_GMT314_139M_170NC_NORTH_AMERICA_AURORA__COMP_v22_HDR_20181206_v12CC_HDR_2K_HEVC.mov,https://sylvan.apple.com/Aerials/2x/Videos/comp_GMT314_139M_170NC_NORTH_AMERICA_AURORA__COMP_v22_SDR_20181206_v12CC_SDR_4K_HEVC.mov,https://sylvan.apple.com/Aerials/2x/Videos/comp_GMT314_139M_170NC_NORTH_AMERICA_AURORA__COMP_v22_HDR_20181206_v12CC_HDR_4K_HEVC.mov
ISS,19,Sahara and Italy,https://sylvan.apple.com/Videos/comp_A009_C001_010181A_v09_SDR_PS_FINAL_20180725_SDR_2K_AVC.mov,https://sylvan.apple.com/Aerials/2x/Videos/comp_A009_C001_010181A_v09_SDR_PS_FINAL_20180725_SDR_2K_HEVC.mov,https://sylvan.apple.com/Aerials/2x/Videos/comp_A009_C001_010181A_v09_HDR_PS_FINAL_20180725_HDR_2K_HEVC.mov,https://sylvan.apple.com/Aerials/2x/Videos/comp_A009_C001_010181A_v09_SDR_PS_FINAL_20180725_SDR_4K_HEVC.mov,https://sylvan.apple.com/Aerials/2x/Videos/comp_A009_C001_010181A_v09_HDR_PS_FINAL_20180725_HDR_4K_HEVC.mov
ISS,20,South Africa to North Asia,https://sylvan.apple.com/Videos/comp_A351_C001_v06_SDR_PS_20180725_SDR_2K_AVC.mov,https://sylvan.apple.com/Aerials/2x/Videos/comp_A351_C001_v06_SDR_PS_20180725_SDR_2K_HEVC.mov,https://sylvan.apple.com/Aerials/2x/Videos/comp_A351_C001_v06_HDR_PS_FINAL_20180725_HDR_2K_HEVC.mov,https://sylvan.apple.com/Aerials/2x/Videos/comp_A351_C001_v06_SDR_PS_20180725_SDR_4K_HEVC.mov,https://sylvan.apple.com/Aerials/2x/Videos/comp_A351_C001_v06_HDR_PS_FINAL_20180725_HDR_4K_HEVC.mov
ISS,21,Southern California to Baja,https://sylvan.apple.com/Videos/comp_A114_C001_0305OT_v10_SDR_FINAL_22062018_SDR_2K_AVC.mov,https://sylvan.apple.com/Aerials/2x/Videos/comp_A114_C001_0305OT_v10_SDR_FINAL_22062018_SDR_2K_HEVC.mov,https://sylvan.apple.com/Aerials/2x/Videos/comp_A114_C001_0305OT_v10_HDR_FINAL_22062018_Bert_HDR_2K_HEVC.mov,https://sylvan.apple.com/Aerials/2x/Videos/comp_A114_C001_0305OT_v10_SDR_FINAL_22062018_SDR_4K_HEVC.mov,https://sylvan.apple.com/Aerials/2x/Videos/comp_A114_C001_0305OT_v10_HDR_FINAL_22062018_Bert_HDR_4K_HEVC.mov
ISS,22,West Africa to the Alps,https://sylvan.apple.com/Videos/comp_A001_C004_1207W5_v23_SDR_FINAL_20180706_SDR_2K_AVC.mov,https://sylvan.apple.com/Aerials/2x/Videos/comp_A001_C004_1207W5_v23_SDR_FINAL_20180706_SDR_2K_HEVC.mov,https://sylvan.apple.com/Aerials/2x/Videos/comp_A001_C004_1207W5_v23_HDR_FINAL_20180706_HDR_2K_HEVC.mov,https://sylvan.apple.com/Aerials/2x/Videos/comp_A001_C004_1207W5_v23_SDR_FINAL_20180706_SDR_4K_HEVC.mov,https://sylvan.apple.com/Aerials/2x/Videos/comp_A001_C004_1207W5_v23_HDR_FINAL_20180706_HDR_4K_HEVC.mov
Liwa,1a,Liwa,https://sylvan.apple.com/Videos/comp_LW_L001_C006_PSNK_DENOISE_v02_SDR_PS_FINAL_20180709_SDR_2K_AVC.mov,https://sylvan.apple.com/Aerials/2x/Videos/comp_LW_L001_C006_PSNK_DENOISE_v02_SDR_PS_FINAL_20180709_SDR_2K_HEVC.mov,https://sylvan.apple.com/Aerials/2x/Videos/comp_LW_L001_C006_PSNK_DENOISE_v02_HDR_FINAL_20180709_HDR_2K_HEVC.mov,https://sylvan.apple.com/Aerials/2x/Videos/comp_LW_L001_C006_PSNK_DENOISE_v02_SDR_PS_FINAL_20180709_SDR_4K_HEVC.mov,https://sylvan.apple.com/Aerials/2x/Videos/comp_LW_L001_C006_PSNK_DENOISE_v02_HDR_FINAL_20180709_HDR_4K_HEVC.mov
Liwa,2,Liwa,https://sylvan.apple.com/Videos/comp_LW_L001_C003__PSNK_DENOISE_v04_SDR_PS_FINAL_20180803_SDR_2K_AVC.mov,https://sylvan.apple.com/Aerials/2x/Videos/comp_LW_L001_C003__PSNK_DENOISE_v04_SDR_PS_FINAL_20180803_SDR_2K_HEVC.mov,https://sylvan.apple.com/Aerials/2x/Videos/comp_LW_L001_C003__PSNK_DENOISE_v04_HDR_PS_FINAL_20180803_HDR_2K_HEVC.mov,https://sylvan.apple.com/Aerials/2x/Videos/comp_LW_L001_C003__PSNK_DENOISE_v04_SDR_PS_FINAL_20180803_SDR_4K_HEVC.mov,https://sylvan.apple.com/Aerials/2x/Videos/comp_LW_L001_C003__PSNK_DENOISE_v04_HDR_PS_FINAL_20180803_HDR_4K_HEVC.mov
London,1a,London,https://sylvan.apple.com/Videos/comp_L012_c002_PS_v01_SDR_PS_20180925_SDR_2K_AVC.mov,https://sylvan.apple.com/Aerials/2x/Videos/comp_L012_c002_PS_v01_SDR_PS_20180925_SDR_2K_HEVC.mov,https://sylvan.apple.com/Aerials/2x/Videos/comp_L012_C002_PS_v01_HDR_PS_20180925_HDR_2K_HEVC.mov,https://sylvan.apple.com/Aerials/2x/Videos/comp_L012_c002_PS_v01_SDR_PS_20180925_SDR_4K_HEVC.mov,https://sylvan.apple.com/Aerials/2x/Videos/comp_L012_C002_PS_v01_HDR_PS_20180925_HDR_4K_HEVC.mov
London,2a,London,https://sylvan.apple.com/Videos/comp_L004_C011_PS_v01_SDR_PS_20180925_SDR_2K_AVC.mov,https://sylvan.apple.com/Aerials/2x/Videos/comp_L004_C011_PS_v01_SDR_PS_20180925_SDR_2K_HEVC.mov,https://sylvan.apple.com/Aerials/2x/Videos/comp_L004_C011_PS_v01_HDR_PS_20180925_HDR_2K_HEVC.mov,https://sylvan.apple.com/Aerials/2x/Videos/comp_L004_C011_PS_v01_SDR_PS_20180925_SDR_4K_HEVC.mov,https://sylvan.apple.com/Aerials/2x/Videos/comp_L004_C011_PS_v01_HDR_PS_20180925_HDR_4K_HEVC.mov
London,3a,London,https://sylvan.apple.com/Videos/comp_L007_C007_PS_v01_SDR_PS_20180925_SDR_2K_AVC.mov,https://sylvan.apple.com/Aerials/2x/Videos/comp_L007_C007_PS_v01_SDR_PS_20180925_SDR_2K_HEVC.mov,https://sylvan.apple.com/Aerials/2x/Videos/comp_L007_C007_PS_v01_HDR_PS_20180925_HDR_2K_HEVC.mov,https://sylvan.apple.com/Aerials/2x/Videos/comp_L007_C007_PS_v01_SDR_PS_20180925_SDR_4K_HEVC.mov,https://sylvan.apple.com/Aerials/2x/Videos/comp_L007_C007_PS_v01_HDR_PS_20180925_HDR_4K_HEVC.mov
London,4a,London,https://sylvan.apple.com/Videos/comp_L010_C006_PS_v01_SDR_PS_20180925_SDR_2K_AVC.mov,https://sylvan.apple.com/Aerials/2x/Videos/comp_L010_C006_PS_v01_SDR_PS_20180925_SDR_2K_HEVC.mov,https://sylvan.apple.com/Aerials/2x/Videos/comp_L010_C006_PS_v01_HDR_PS_20180925_HDR_2K_HEVC.mov,https://sylvan.apple.com/Aerials/2x/Videos/comp_L010_C006_PS_v01_SDR_PS_20180925_SDR_4K_HEVC.mov,https://sylvan.apple.com/Aerials/2x/Videos/comp_L010_C006_PS_v01_HDR_PS_20180925_HDR_4K_HEVC.mov
Los Angeles,1a,Los Angeles,https://sylvan.apple.com/Videos/comp_LA_A006_C008_PSNK_ALL_LOGOS_v10_SDR_PS_FINAL_20180801_SDR_2K_AVC.mov,https://sylvan.apple.com/Aerials/2x/Videos/comp_LA_A006_C008_PSNK_ALL_LOGOS_v10_SDR_PS_FINAL_20180801_SDR_2K_HEVC.mov,https://sylvan.apple.com/Aerials/2x/Videos/comp_LA_A006_C008_PSNK_ALL_LOGOS_v10_HDR_PS_FINAL_20180801_HDR_2K_HEVC.mov,https://sylvan.apple.com/Aerials/2x/Videos/comp_LA_A006_C008_PSNK_ALL_LOGOS_v10_SDR_PS_FINAL_20180801_SDR_4K_HEVC.mov,https://sylvan.apple.com/Aerials/2x/Videos/comp_LA_A006_C008_PSNK_ALL_LOGOS_v10_HDR_PS_FINAL_20180801_HDR_4K_HEVC.mov
Los Angeles,2a,Los Angeles,https://sylvan.apple.com/Videos/comp_LA_A009_C009_PSNK_v02_SDR_PS_FINAL_20180709_SDR_2K_AVC.mov,https://sylvan.apple.com/Aerials/2x/Videos/comp_LA_A009_C009_PSNK_v02_SDR_PS_FINAL_20180709_SDR_2K_HEVC.mov,https://sylvan.apple.com/Aerials/2x/Videos/comp_LA_A009_C009_PSNK_v02_HDR_FINAL_20180709_HDR_2K_HEVC.mov,https://sylvan.apple.com/Aerials/2x/Videos/comp_LA_A009_C009_PSNK_v02_SDR_PS_FINAL_20180709_SDR_4K_HEVC.mov,https://sylvan.apple.com/Aerials/2x/Videos/comp_LA_A009_C009_PSNK_v02_HDR_FINAL_20180709_HDR_4K_HEVC.mov
Los Angeles,3a,Los Angeles,https://sylvan.apple.com/Videos/comp_LA_A008_C004_ALTB_ED_FROM_FLAME_RETIME_v46_SDR_PS_20180917_SDR_2K_AVC.mov,https://sylvan.apple.com/Aerials/2x/Videos/comp_LA_A008_C004_ALTB_ED_FROM_FLAME_RETIME_v46_SDR_PS_20180917_SDR_2K_HEVC.mov,https://sylvan.apple.com/Aerials/2x/Videos/comp_LA_A008_C004_ALTB_ED_FROM_FLAME_RETIME_v46_HDR_PS_20180917_HDR_2K_HEVC.mov,https://sylvan.apple.com/Aerials/2x/Videos/comp_LA_A008_C004_ALTB_ED_FROM_FLAME_RETIME_v46_SDR_PS_20180917_SDR_4K_HEVC.mov,https://sylvan.apple.com/Aerials/2x/Videos/comp_LA_A008_C004_ALTB_ED_FROM_FLAME_RETIME_v46_HDR_PS_20180917_HDR_4K_HEVC.mov
Los Angeles,4,Los Angeles,https://sylvan.apple.com/Videos/comp_LA_A006_C004_v01_SDR_FINAL_PS_20180730_SDR_2K_AVC.mov,https://sylvan.apple.com/Aerials/2x/Videos/comp_LA_A006_C004_v01_SDR_FINAL_PS_20180730_SDR_2K_HEVC.mov,https://sylvan.apple.com/Aerials/2x/Videos/comp_LA_A006_C004_v01_HDR_FINAL_PS_20180730_HDR_2K_HEVC.mov,https://sylvan.apple.com/Aerials/2x/Videos/comp_LA_A006_C004_v01_SDR_FINAL_PS_20180730_SDR_4K_HEVC.mov,https://sylvan.apple.com/Aerials/2x/Videos/comp_LA_A006_C004_v01_HDR_FINAL_PS_20180730_HDR_4K_HEVC.mov
Los Angeles,5a,Los Angeles,https://sylvan.apple.com/Videos/comp_LA_A005_C009_PSNK_ALT_v09_SDR_PS_201809134_SDR_2K_AVC.mov,https://sylvan.apple.com/Aerials/2x/Videos/comp_LA_A005_C009_PSNK_ALT_v09_SDR_PS_201809134_SDR_2K_HEVC.mov,https://sylvan.apple.com/Aerials/2x/Videos/comp_LA_A005_C009_PSNK_ALT_v09_HDR_PS_20180914_HDR_2K_HEVC.mov,https://sylvan.apple.com/Aerials/2x/Videos/comp_LA_A005_C009_PSNK_ALT_v09_SDR_PS_201809134_SDR_4K_HEVC.mov,https://sylvan.apple.com/Aerials/2x/Videos/comp_LA_A005_C009_PSNK_ALT_v09_HDR_PS_20180914_HDR_4K_HEVC.mov
Los Angeles,6a,Los Angeles,https://sylvan.apple.com/Videos/comp_LA_A011_C003_DGRN_LNFIX_STAB_v57_SDR_PS_20181002_SDR_2K_AVC.mov,https://sylvan.apple.com/Aerials/2x/Videos/comp_LA_A011_C003_DGRN_LNFIX_STAB_v57_SDR_PS_20181002_SDR_2K_HEVC.mov,https://sylvan.apple.com/Aerials/2x/Videos/comp_LA_A011_C003_DGRN_LNFIX_STAB_v57_HDR_PS_20181002_HDR_2K_HEVC.mov,https://sylvan.apple.com/Aerials/2x/Videos/comp_LA_A011_C003_DGRN_LNFIX_STAB_v57_SDR_PS_20181002_SDR_4K_HEVC.mov,https://sylvan.apple.com/Aerials/2x/Videos/comp_LA_A011_C003_DGRN_LNFIX_STAB_v57_HDR_PS_20181002_HDR_4K_HEVC.mov
New York City,1,New York City,http://a1.v2.phobos.apple.com.edgesuite.net/us/r1000/000/Features/atv/AutumnResources/videos/b1-3.mov,,,,
New York City,2a,New York City,https://sylvan.apple.com/Videos/comp_N013_C004_PS_v01_SDR_PS_20180925_F1970F7193_SDR_2K_AVC.mov,https://sylvan.apple.com/Aerials/2x/Videos/comp_N013_C004_PS_v01_SDR_PS_20180925_F1970F7193_SDR_2K_HEVC.mov,https://sylvan.apple.com/Aerials/2x/Videos/comp_N013_C004_PS_v01_HDR_PS_20180925_F1970F7193_HDR_2K_HEVC.mov,https://sylvan.apple.com/Aerials/2x/Videos/comp_N013_C004_PS_v01_SDR_PS_20180925_F1970F7193_SDR_4K_HEVC.mov,https://sylvan.apple.com/Aerials/2x/Videos/comp_N013_C004_PS_v01_HDR_PS_20180925_F1970F7193_HDR_4K_HEVC.mov
New York City,3a,New York City,https://sylvan.apple.com/Videos/comp_N003_C006_PS_v01_SDR_PS_20180925_SDR_2K_AVC.mov,https://sylvan.apple.com/Aerials/2x/Videos/comp_N003_C006_PS_v01_SDR_PS_20180925_SDR_2K_HEVC.mov,https://sylvan.apple.com/Aerials/2x/Videos/comp_N003_C006_PS_v01_HDR_PS_20180925_HDR_2K_HEVC.mov,https://sylvan.apple.com/Aerials/2x/Videos/comp_N003_C006_PS_v01_SDR_PS_20180925_SDR_4K_HEVC.mov,https://sylvan.apple.com/Aerials/2x/Videos/comp_N003_C006_PS_v01_HDR_PS_20180925_HDR_4K_HEVC.mov
New York City,4a,New York City,https://sylvan.apple.com/Videos/comp_N008_C003_PS_v01_SDR_PS_20180925_SDR_2K_AVC.mov,https://sylvan.apple.com/Aerials/2x/Videos/comp_N008_C003_PS_v01_SDR_PS_20180925_SDR_2K_HEVC.mov,https://sylvan.apple.com/Aerials/2x/Videos/comp_N008_C003_PS_v01_HDR_PS_20180925_HDR_2K_HEVC.mov,https://sylvan.apple.com/Aerials/2x/Videos/comp_N008_C003_PS_v01_SDR_PS_20180925_SDR_4K_HEVC.mov,https://sylvan.apple.com/Aerials/2x/Videos/comp_N008_C003_PS_v01_HDR_PS_20180925_HDR_4K_HEVC.mov
New York City,5a,New York City,https://sylvan.apple.com/Videos/comp_N008_C009_PS_v01_SDR_PS_20180925_SDR_2K_AVC.mov,https://sylvan.apple.com/Aerials/2x/Videos/comp_N008_C009_PS_v01_SDR_PS_20180925_SDR_2K_HEVC.mov,https://sylvan.apple.com/Aerials/2x/Videos/comp_N008_C009_PS_v01_HDR_PS_20180925_HDR_2K_HEVC.mov,https://sylvan.apple.com/Aerials/2x/Videos/comp_N008_C009_PS_v01_SDR_PS_20180925_SDR_4K_HEVC.mov,https://sylvan.apple.com/Aerials/2x/Videos/comp_N008_C009_PS_v01_HDR_PS_20180925_HDR_4K_HEVC.mov
San Francisco,1a,San Francisco,https://sylvan.apple.com/Videos/comp_A015_C018_0128ZS_v03_SDR_PS_FINAL_20180709__SDR_2K_AVC.mov,https://sylvan.apple.com/Aerials/2x/Videos/comp_A015_C018_0128ZS_v03_SDR_PS_FINAL_20180709__SDR_2K_HEVC.mov,https://sylvan.apple.com/Aerials/2x/Videos/comp_A015_C018_0128ZS_v03_HDR_PS_FINAL_20180710_HDR_2K_HEVC.mov,https://sylvan.apple.com/Aerials/2x/Videos/comp_A015_C018_0128ZS_v03_SDR_PS_FINAL_20180709__SDR_4K_HEVC.mov,https://sylvan.apple.com/Aerials/2x/Videos/comp_A015_C018_0128ZS_v03_HDR_PS_FINAL_20180710_HDR_4K_HEVC.mov
San Francisco,2,San Francisco,http://a1.v2.phobos.apple.com.edgesuite.net/us/r1000/000/Features/atv/AutumnResources/videos/b2-4.mov,,,,
San Francisco,3a,San Francisco,https://sylvan.apple.com/Videos/comp_A012_C014_1223PT_v53_SDR_PS_FINAL_20180709_F0F8700_SDR_2K_AVC.mov,https://sylvan.apple.com/Aerials/2x/Videos/comp_A012_C014_1223PT_v53_SDR_PS_FINAL_20180709_F0F8700_SDR_2K_HEVC.mov,https://sylvan.apple.com/Aerials/2x/Videos/comp_A012_C014_1223PT_v53_HDR_PS_FINAL_20180710_F0F8700_HDR_2K_HEVC.mov,https://sylvan.apple.com/Aerials/2x/Videos/comp_A012_C014_1223PT_v53_SDR_PS_FINAL_20180709_F0F8700_SDR_4K_HEVC.mov,https://sylvan.apple.com/Aerials/2x/Videos/comp_A012_C014_1223PT_v53_HDR_PS_FINAL_20180710_F0F8700_HDR_4K_HEVC.mov
San Francisco,4,San Francisco,http://a1.v2.phobos.apple.com.edgesuite.net/us/r1000/000/Features/atv/AutumnResources/videos/b4-3.mov,,,,
San Francisco,5,San Francisco,http://a1.v2.phobos.apple.com.edgesuite.net/us/r1000/000/Features/atv/AutumnResources/videos/b5-3.mov,,,,
San Francisco,6,San Francisco,http://a1.v2.phobos.apple.com.edgesuite.net/us/r1000/000/Features/atv/AutumnResources/videos/b6-4.mov,,,,
San Francisco,7a,San Francisco,https://sylvan.apple.com/Videos/comp_A007_C017_01156B_v02_SDR_PS_20180925_SDR_2K_AVC.mov,https://sylvan.apple.com/Aerials/2x/Videos/comp_A007_C017_01156B_v02_SDR_PS_20180925_SDR_2K_HEVC.mov,https://sylvan.apple.com/Aerials/2x/Videos/comp_A007_C017_01156B_v02_HDR_PS_20180925_HDR_2K_HEVC.mov,https://sylvan.apple.com/Aerials/2x/Videos/comp_A007_C017_01156B_v02_SDR_PS_20180925_SDR_4K_HEVC.mov,https://sylvan.apple.com/Aerials/2x/Videos/comp_A007_C017_01156B_v02_HDR_PS_20180925_HDR_4K_HEVC.mov
San Francisco,8,San Francisco,http://a1.v2.phobos.apple.com.edgesuite.net/us/r1000/000/Features/atv/AutumnResources/videos/b8-2.mov,,,,
San Francisco,9,San Francisco,http://a1.v2.phobos.apple.com.edgesuite.net/us/r1000/000/Features/atv/AutumnResources/videos/b8-3.mov,,,,
San Francisco,10a,San Francisco,https://sylvan.apple.com/Videos/comp_A006_C003_1219EE_CC_v01_SDR_PS_FINAL_20180709_SDR_2K_AVC.mov,https://sylvan.apple.com/Aerials/2x/Videos/comp_A006_C003_1219EE_CC_v01_SDR_PS_FINAL_20180709_SDR_2K_HEVC.mov,https://sylvan.apple.com/Aerials/2x/Videos/comp_A006_C003_1219EE_CC_v01_HDR_PS_FINAL_20180710_HDR_2K_HEVC.mov,https://sylvan.apple.com/Aerials/2x/Videos/comp_A006_C003_1219EE_CC_v01_SDR_PS_FINAL_20180709_SDR_4K_HEVC.mov,https://sylvan.apple.com/Aerials/2x/Videos/comp_A006_C003_1219EE_CC_v01_HDR_PS_FINAL_20180710_HDR_4K_HEVC.mov
San Francisco,11a,San Francisco,https://sylvan.apple.com/Videos/comp_A008_C007_011550_CC_v01_SDR_PS_FINAL_20180709_SDR_2K_AVC.mo,https://sylvan.apple.com/Aerials/2x/Videos/comp_A008_C007_011550_CC_v01_SDR_PS_FINAL_20180709_SDR_2K_HEVC.mov,https://sylvan.apple.com/Aerials/2x/Videos/comp_A008_C007_011550_CC_v01_HDR_PS_FINAL_20180710_HDR_2K_HEVC.mov,https://sylvan.apple.com/Aerials/2x/Videos/comp_A008_C007_011550_CC_v01_SDR_PS_FINAL_20180709_SDR_4K_HEVC.mov,https://sylvan.apple.com/Aerials/2x/Videos/comp_A008_C007_011550_CC_v01_HDR_PS_FINAL_20180710_HDR_4K_HEVC.mov
San Francisco,12,San Francisco,https://sylvan.apple.com/Videos/comp_A013_C012_0122D6_CC_v01_SDR_PS_FINAL_20180709_SDR_2K_AVC.mov,https://sylvan.apple.com/Aerials/2x/Videos/comp_A013_C012_0122D6_CC_v01_SDR_PS_FINAL_20180709_SDR_2K_HEVC.mov,https://sylvan.apple.com/Aerials/2x/Videos/comp_A013_C012_0122D6_CC_v01_HDR_PS_FINAL_20180710_HDR_2K_HEVC.mov,https://sylvan.apple.com/Aerials/2x/Videos/comp_A013_C012_0122D6_CC_v01_SDR_PS_FINAL_20180709_SDR_4K_HEVC.mov,https://sylvan.apple.com/Aerials/2x/Videos/comp_A013_C012_0122D6_CC_v01_HDR_PS_FINAL_20180710_HDR_4K_HEVC.mov
San Francisco,13,San Francisco,https://sylvan.apple.com/Videos/comp_1223LV_FLARE_v21_SDR_PS_FINAL_20180709_F0F5700_SDR_2K_AVC.mov,https://sylvan.apple.com/Aerials/2x/Videos/comp_1223LV_FLARE_v21_SDR_PS_FINAL_20180709_F0F5700_SDR_2K_HEVC.mov,https://sylvan.apple.com/Aerials/2x/Videos/comp_1223LV_FLARE_v21_HDR_PS_FINAL_20180710_F0F5700_HDR_2K_HEVC.mov,https://sylvan.apple.com/Aerials/2x/Videos/comp_1223LV_FLARE_v21_SDR_PS_FINAL_20180709_F0F5700_SDR_4K_HEVC.mov,https://sylvan.apple.com/Aerials/2x/Videos/comp_1223LV_FLARE_v21_HDR_PS_FINAL_20180710_F0F5700_HDR_4K_HEVC.mov
Undersea,1,Alaskan Jellies,https://sylvan.apple.com/Videos/AK_A004_C012_SDR_20191217_SDR_2K_AVC.mov,https://sylvan.apple.com/Aerials/2x/Videos/AK_A004_C012_SDR_20191217_SDR_2K_HEVC.mov,https://sylvan.apple.com/Aerials/2x/Videos/AK_A004_C012_HDR_20191217_HDR_2K_HEVC.mov,https://sylvan.apple.com/Aerials/2x/Videos/AK_A004_C012_SDR_20191217_SDR_4K_HEVC.mov,https://sylvan.apple.com/Aerials/2x/Videos/AK_A004_C012_HDR_20191217_HDR_4K_HEVC.mov
Undersea,2,Alaskan Jellies,https://sylvan.apple.com/Videos/g201_AK_A003_C014_SDR_20191113_SDR_2K_AVC.mov,https://sylvan.apple.com/Aerials/2x/Videos/g201_AK_A003_C014_SDR_20191113_SDR_2K_HEVC.mov,https://sylvan.apple.com/Aerials/2x/Videos/g201_AK_A003_C014_HDR_20191028_HDR_2K_HEVC.mov,https://sylvan.apple.com/Aerials/2x/Videos/g201_AK_A003_C014_SDR_20191113_SDR_4K_HEVC.mov,https://sylvan.apple.com/Aerials/2x/Videos/g201_AK_A003_C014_HDR_20191028_HDR_4K_HEVC.mov
Undersea,3,Barracudas,https://sylvan.apple.com/Videos/BO_A018_C029_SDR_20190812_SDR_2K_AVC.mov,https://sylvan.apple.com/Aerials/2x/Videos/BO_A018_C029_SDR_20190812_SDR_2K_HEVC.mov,https://sylvan.apple.com/Aerials/2x/Videos/BO_A018_C029_HDR_20190812_HDR_2K_HEVC.mov,https://sylvan.apple.com/Aerials/2x/Videos/BO_A018_C029_SDR_20190812_SDR_4K_HEVC.mov,https://sylvan.apple.com/Aerials/2x/Videos/BO_A018_C029_HDR_20190812_HDR_4K_HEVC.mov
Undersea,4,Bumpheads,https://sylvan.apple.com/Videos/BO_A014_C008_SDR_20190719_SDR_2K_AVC.mov,https://sylvan.apple.com/Aerials/2x/Videos/BO_A014_C008_SDR_20190719_SDR_2K_HEVC.mov,https://sylvan.apple.com/Aerials/2x/Videos/BO_A014_C008_HDR_20190719_HDR_2K_HEVC.mov,https://sylvan.apple.com/Aerials/2x/Videos/BO_A014_C008_SDR_20190719_SDR_4K_HEVC.mov,https://sylvan.apple.com/Aerials/2x/Videos/BO_A014_C008_HDR_20190719_HDR_4K_HEVC.mov
Undersea,5,California Dolphins,https://sylvan.apple.com/Videos/DL_B002_C011_SDR_20191122_SDR_2K_AVC.mov,https://sylvan.apple.com/Aerials/2x/Videos/DL_B002_C011_SDR_20191122_SDR_2K_HEVC.mov,https://sylvan.apple.com/Aerials/2x/Videos/DL_B002_C011_HDR_20191122_HDR_2K_HEVC.mov,https://sylvan.apple.com/Aerials/2x/Videos/DL_B002_C011_SDR_20191122_SDR_4K_HEVC.mov,https://sylvan.apple.com/Aerials/2x/Videos/DL_B002_C011_HDR_20191122_HDR_4K_HEVC.mov
Undersea,6,California Kelp Forest,https://sylvan.apple.com/Videos/g201_CA_A016_C002_SDR_20191114_SDR_2K_AVC.mov,https://sylvan.apple.com/Aerials/2x/Videos/g201_CA_A016_C002_SDR_20191114_SDR_2K_HEVC.mov,https://sylvan.apple.com/Aerials/2x/Videos/g201_CA_A016_C002_HDR_20191114_HDR_2K_HEVC.mov,https://sylvan.apple.com/Aerials/2x/Videos/g201_CA_A016_C002_SDR_20191114_SDR_4K_HEVC.mov,https://sylvan.apple.com/Aerials/2x/Videos/g201_CA_A016_C002_HDR_20191114_HDR_4K_HEVC.mov
Undersea,7,Costa Rica Dolphins,https://sylvan.apple.com/Videos/CR_A009_C007_SDR_20191113_SDR_2K_AVC.mov,https://sylvan.apple.com/Aerials/2x/Videos/CR_A009_C007_SDR_20191113_SDR_2K_HEVC.mov,https://sylvan.apple.com/Aerials/2x/Videos/CR_A009_C007_HDR_20191113_HDR_2K_HEVC.mov,https://sylvan.apple.com/Aerials/2x/Videos/CR_A009_C007_SDR_20191113_SDR_4K_HEVC.mov,https://sylvan.apple.com/Aerials/2x/Videos/CR_A009_C007_HDR_20191113_HDR_4K_HEVC.mov
Undersea,8,Cownose Rays,https://sylvan.apple.com/Videos/MEX_A006_C008_SDR_20190923_SDR_2K_AVC.mov,https://sylvan.apple.com/Aerials/2x/Videos/MEX_A006_C008_SDR_20190923_SDR_2K_HEVC.mov,https://sylvan.apple.com/Aerials/2x/Videos/MEX_A006_C008_HDR_20190923_HDR_2K_HEVC.mov,https://sylvan.apple.com/Aerials/2x/Videos/MEX_A006_C008_SDR_20190923_SDR_4K_HEVC.mov,https://sylvan.apple.com/Aerials/2x/Videos/MEX_A006_C008_HDR_20190923_HDR_4K_HEVC.mov
Undersea,9,Gray Reef Sharks,https://sylvan.apple.com/Videos/FK_U009_C004_SDR_20191220_SDR_2K_AVC.mov,https://sylvan.apple.com/Aerials/2x/Videos/FK_U009_C004_SDR_20191220_SDR_2K_HEVC.mov,https://sylvan.apple.com/Aerials/2x/Videos/FK_U009_C004_HDR_20191220_HDR_2K_HEVC.mov,https://sylvan.apple.com/Aerials/2x/Videos/FK_U009_C004_SDR_20191220_SDR_4K_HEVC.mov,https://sylvan.apple.com/Aerials/2x/Videos/FK_U009_C004_HDR_20191220_HDR_4K_HEVC.mov
Undersea,10,Humpback Whale,https://sylvan.apple.com/Videos/g201_WH_D004_L014_SDR_20191031_SDR_2K_AVC.mov,https://sylvan.apple.com/Aerials/2x/Videos/g201_WH_D004_L014_SDR_20191031_SDR_2K_HEVC.mov,https://sylvan.apple.com/Aerials/2x/Videos/g201_WH_D004_L014_HDR_20191031_HDR_2K_HEVC.mov,https://sylvan.apple.com/Aerials/2x/Videos/g201_WH_D004_L014_SDR_20191031_SDR_4K_HEVC.mov,https://sylvan.apple.com/Aerials/2x/Videos/g201_WH_D004_L014_HDR_20191031_HDR_4K_HEVC.mov
Undersea,11,Jacks,https://sylvan.apple.com/Videos/BO_A014_C023_SDR_20190717_F240F3709_SDR_2K_AVC.mov,https://sylvan.apple.com/Aerials/2x/Videos/BO_A014_C023_SDR_20190717_F240F3709_SDR_2K_HEVC.mov,https://sylvan.apple.com/Aerials/2x/Videos/BO_A014_C023_HDR_20190717_F240F3709_HDR_2K_HEVC.mov,https://sylvan.apple.com/Aerials/2x/Videos/BO_A014_C023_SDR_20190717_F240F3709_SDR_4K_HEVC.mov,https://sylvan.apple.com/Aerials/2x/Videos/BO_A014_C023_HDR_20190717_F240F3709_HDR_4K_HEVC.mov
Undersea,12,Kelp,https://sylvan.apple.com/Videos/KP_A010_C002_SDR_20190717_SDR_2K_AVC.mov,https://sylvan.apple.com/Aerials/2x/Videos/KP_A010_C002_SDR_20190717_SDR_2K_HEVC.mov,https://sylvan.apple.com/Aerials/2x/Videos/KP_A010_C002_HDR_20190717_HDR_2K_HEVC.mov,https://sylvan.apple.com/Aerials/2x/Videos/KP_A010_C002_SDR_20190717_SDR_4K_HEVC.mov,https://sylvan.apple.com/Aerials/2x/Videos/KP_A010_C002_HDR_20190717_HDR_4K_HEVC.mov
Undersea,13,Palau Coral,https://sylvan.apple.com/Videos/PA_A004_C003_SDR_20190719_SDR_2K_AVC.mov,https://sylvan.apple.com/Aerials/2x/Videos/PA_A004_C003_SDR_20190719_SDR_2K_HEVC.mov,https://sylvan.apple.com/Aerials/2x/Videos/PA_A004_C003_HDR_20190719_HDR_2K_HEVC.mov,https://sylvan.apple.com/Aerials/2x/Videos/PA_A004_C003_SDR_20190719_SDR_4K_HEVC.mov,https://sylvan.apple.com/Aerials/2x/Videos/PA_A004_C003_HDR_20190719_HDR_4K_HEVC.mov
Undersea,14,Palau Jellies,https://sylvan.apple.com/Videos/PA_A001_C007_SDR_20190717_SDR_2K_AVC.mov,https://sylvan.apple.com/Aerials/2x/Videos/PA_A001_C007_SDR_20190717_SDR_2K_HEVC.mov,https://sylvan.apple.com/Aerials/2x/Videos/PA_A001_C007_HDR_20190719_HDR_2K_HEVC.mov,https://sylvan.apple.com/Aerials/2x/Videos/PA_A001_C007_SDR_20190717_SDR_4K_HEVC.mov,https://sylvan.apple.com/Aerials/2x/Videos/PA_A001_C007_HDR_20190719_HDR_4K_HEVC.mov
Undersea,15,Palau Jellies,https://sylvan.apple.com/Videos/PA_A002_C009_SDR_20190730_ALT01_SDR_2K_AVC.mov,https://sylvan.apple.com/Aerials/2x/Videos/PA_A002_C009_SDR_20190730_ALT01_SDR_2K_HEVC.mov,https://sylvan.apple.com/Aerials/2x/Videos/PA_A002_C009_HDR_20190730_ALT02_HDR_2K_HEVC.mov,https://sylvan.apple.com/Aerials/2x/Videos/PA_A002_C009_SDR_20190730_ALT01_SDR_4K_HEVC.mov,https://sylvan.apple.com/Aerials/2x/Videos/PA_A002_C009_HDR_20190730_ALT02_HDR_4K_HEVC.mov
Undersea,16,Palau Jellies,https://sylvan.apple.com/Videos/PA_A010_C007_SDR_20190717_SDR_2K_AVC.mov,https://sylvan.apple.com/Aerials/2x/Videos/PA_A010_C007_SDR_20190717_SDR_2K_HEVC.mov,https://sylvan.apple.com/Aerials/2x/Videos/conform_PA_A010_C007_HDR_2019070_HDR_2K_HEVC.mov,https://sylvan.apple.com/Aerials/2x/Videos/PA_A010_C007_SDR_20190717_SDR_4K_HEVC.mov,https://sylvan.apple.com/Aerials/2x/Videos/conform_PA_A010_C007_HDR_2019070_HDR_4K_HEVC.mov
Undersea,17,Red Sea Coral,https://sylvan.apple.com/Videos/RS_A008_C010_SDR_20191218_SDR_2K_AVC.mov,https://sylvan.apple.com/Aerials/2x/Videos/RS_A008_C010_SDR_20191218_SDR_2K_HEVC.mov,https://sylvan.apple.com/Aerials/2x/Videos/RS_A008_C010_HDR_20191218_HDR_2K_HEVC.mov,https://sylvan.apple.com/Aerials/2x/Videos/RS_A008_C010_SDR_20191218_SDR_4K_HEVC.mov,https://sylvan.apple.com/Aerials/2x/Videos/RS_A008_C010_HDR_20191218_HDR_4K_HEVC.mov
Undersea,18,Sea Stars,https://sylvan.apple.com/Videos/BO_A012_C031_SDR_20190726_SDR_2K_AVC.mov,https://sylvan.apple.com/Aerials/2x/Videos/BO_A012_C031_SDR_20190726_SDR_2K_HEVC.mov,https://sylvan.apple.com/Aerials/2x/Videos/BO_A012_C031_HDR_20190726_HDR_2K_HEVC.mov,https://sylvan.apple.com/Aerials/2x/Videos/BO_A012_C031_SDR_20190726_SDR_4K_HEVC.mov,https://sylvan.apple.com/Aerials/2x/Videos/BO_A012_C031_HDR_20190726_HDR_4K_HEVC.mov
Undersea,19,Seals,https://sylvan.apple.com/Videos/SE_A016_C009_SDR_20190717_3m30s_SDR_2K_AVC.mov,https://sylvan.apple.com/Aerials/2x/Videos/SE_A016_C009_SDR_20190717_SDR_2K_HEVC.mov,https://sylvan.apple.com/Aerials/2x/Videos/SE_A016_C009_HDR_20190717_HDR_2K_HEVC.mov,https://sylvan.apple.com/Aerials/2x/Videos/SE_A016_C009_SDR_20190717_SDR_4K_HEVC.mov,https://sylvan.apple.com/Aerials/2x/Videos/SE_A016_C009_HDR_20190717_HDR_4K_HEVC.mov
Undersea,20,Tahiti Waves,https://sylvan.apple.com/Videos/g201_TH_804_A001_8_SDR_20191031_SDR_2K_AVC.mov,https://sylvan.apple.com/Aerials/2x/Videos/g201_TH_804_A001_8_SDR_20191031_SDR_2K_HEVC.mov,https://sylvan.apple.com/Aerials/2x/Videos/g201_TH_804_A001_8_HDR_20191031_HDR_2K_HEVC.mov,https://sylvan.apple.com/Aerials/2x/Videos/g201_TH_804_A001_8_SDR_20191031_SDR_4K_HEVC.mov,https://sylvan.apple.com/Aerials/2x/Videos/g201_TH_804_A001_8_HDR_20191031_HDR_4K_HEVC.mov
Undersea,21,Tahiti Waves,https://sylvan.apple.com/Videos/g201_TH_803_A001_8_SDR_20191031_SDR_2K_AVC.mov,https://sylvan.apple.com/Aerials/2x/Videos/g201_TH_803_A001_8_SDR_20191031_SDR_2K_HEVC.mov,https://sylvan.apple.com/Aerials/2x/Videos/g201_TH_803_A001_8_HDR_20191031_HDR_2K_HEVC.mov,https://sylvan.apple.com/Aerials/2x/Videos/g201_TH_803_A001_8_SDR_20191031_SDR_4K_HEVC.mov,https://sylvan.apple.com/Aerials/2x/Videos/g201_TH_803_A001_8_HDR_20191031_HDR_4K_HEVC.mov
